{
	"class_name" : "PinholeCameraParameters",
	"extrinsic" : 
	[
		1.0,
		-0.0,
		-0.0,
		0.0,
		0.0,
		-1.0,
		-0.0,
		0.0,
		0.0,
		-0.0,
		-1.0,
		0.0,
		-6.5642776012420736,
		0.0023928044732118431,
		0.81631879704359933,
		1.0
	],
	"intrinsic" : 
	{
		"height" : 600,
		"intrinsic_matrix" : 
		[
			519.61524227066332,
			0.0,
			0.0,
			0.0,
			519.61524227066332,
			0.0,
			899.5,
			299.5,
			1.0
		],
		"width" : 1800
	},
	"version_major" : 1,
	"version_minor" : 0
}